url_path,views_total,views_unique
/adrian-lison/EpiSewer,43,30
/adrian-lison/EpiSewer/tree/main/vignettes,6,2
/adrian-lison/EpiSewer/tree/main/R,5,2
/adrian-lison/EpiSewer/tree/main,4,3
/adrian-lison/EpiSewer/issues,3,2
/adrian-lison/EpiSewer/tree/main/inst/stan,3,2
/adrian-lison/EpiSewer/stargazers,3,1
/adrian-lison/EpiSewer/tree/main/inst/stan/functions,2,2
/adrian-lison/EpiSewer/blob/main/vignettes/model-definition.Rmd,2,1
/adrian-lison/EpiSewer/blob/main/vignettes/model-specification.md,2,1
